category,predicted_category,error_count
direct_debit_payment_not_recognised,card_payment_not_recognised,6
top_up_by_bank_transfer_charge,top_up_by_card_charge,4
top_up_failed,pending_top_up,4
transfer_fee_charged,card_payment_fee_charged,4
why_verify_identity,unable_to_verify_identity,4
card_payment_wrong_exchange_rate,wrong_exchange_rate_for_cash_withdrawal,3
get_disposable_virtual_card,disposable_card_limits,3
pending_cash_withdrawal,declined_cash_withdrawal,3
pending_transfer,transfer_not_received_by_recipient,3
why_verify_identity,verify_my_identity,3
balance_not_updated_after_bank_transfer,balance_not_updated_after_cheque_or_cash_deposit,2
balance_not_updated_after_bank_transfer,pending_transfer,2
card_arrival,card_delivery_estimate,2
card_not_working,order_physical_card,2
card_payment_not_recognised,extra_charge_on_statement,2
cash_withdrawal_charge,card_payment_fee_charged,2
cash_withdrawal_charge,declined_cash_withdrawal,2
cash_withdrawal_not_recognised,compromised_card,2
country_support,supported_cards_and_currencies,2
declined_card_payment,declined_transfer,2
declined_cash_withdrawal,declined_transfer,2
declined_cash_withdrawal,pending_cash_withdrawal,2
declined_transfer,declined_card_payment,2
direct_debit_payment_not_recognised,cash_withdrawal_not_recognised,2
disposable_card_limits,get_disposable_virtual_card,2
exchange_rate,card_payment_wrong_exchange_rate,2
exchange_via_app,fiat_currency_support,2
extra_charge_on_statement,transfer_fee_charged,2
fiat_currency_support,supported_cards_and_currencies,2
lost_or_stolen_phone,lost_or_stolen_card,2
pending_card_payment,declined_card_payment,2
pending_cash_withdrawal,cash_withdrawal_charge,2
pending_cash_withdrawal,cash_withdrawal_not_recognised,2
top_up_failed,top_up_reverted,2
top_up_reverted,top_up_failed,2
topping_up_by_card,top_up_reverted,2
transfer_not_received_by_recipient,pending_transfer,2
transfer_not_received_by_recipient,transfer_timing,2
verify_source_of_funds,balance_not_updated_after_cheque_or_cash_deposit,2
wrong_exchange_rate_for_cash_withdrawal,wrong_amount_of_cash_received,2
Refund_not_showing_up,request_refund,1
Refund_not_showing_up,reverted_card_payment?,1
activate_my_card,card_arrival,1
activate_my_card,card_not_working,1
activate_my_card,card_payment_fee_charged,1
age_limit,balance_not_updated_after_cheque_or_cash_deposit,1
apple_pay_or_google_pay,supported_cards_and_currencies,1
atm_support,declined_cash_withdrawal,1
automatic_top_up,balance_not_updated_after_bank_transfer,1
automatic_top_up,order_physical_card,1
automatic_top_up,supported_cards_and_currencies,1
automatic_top_up,top_up_limits,1
balance_not_updated_after_bank_transfer,failed_transfer,1
balance_not_updated_after_bank_transfer,transfer_into_account,1
balance_not_updated_after_bank_transfer,transfer_timing,1
balance_not_updated_after_cheque_or_cash_deposit,pending_transfer,1
balance_not_updated_after_cheque_or_cash_deposit,transfer_not_received_by_recipient,1
balance_not_updated_after_cheque_or_cash_deposit,verify_source_of_funds,1
beneficiary_not_allowed,exchange_charge,1
beneficiary_not_allowed,failed_transfer,1
beneficiary_not_allowed,top_up_by_bank_transfer_charge,1
beneficiary_not_allowed,transfer_into_account,1
cancel_transfer,edit_personal_details,1
cancel_transfer,failed_transfer,1
card_acceptance,card_not_working,1
card_arrival,lost_or_stolen_card,1
card_arrival,transfer_timing,1
card_delivery_estimate,card_arrival,1
card_delivery_estimate,getting_spare_card,1
card_delivery_estimate,supported_cards_and_currencies,1
card_linking,top_up_reverted,1
card_not_working,atm_support,1
card_not_working,card_acceptance,1
card_not_working,card_arrival,1
card_payment_fee_charged,card_acceptance,1
card_payment_fee_charged,top_up_by_bank_transfer_charge,1
card_payment_fee_charged,top_up_by_card_charge,1
card_payment_not_recognised,declined_card_payment,1
card_payment_wrong_exchange_rate,exchange_charge,1
card_swallowed,activate_my_card,1
card_swallowed,card_about_to_expire,1
card_swallowed,declined_cash_withdrawal,1
cash_withdrawal_charge,cash_withdrawal_not_recognised,1
cash_withdrawal_not_recognised,request_refund,1
cash_withdrawal_not_recognised,wrong_amount_of_cash_received,1
change_pin,declined_cash_withdrawal,1
change_pin,get_physical_card,1
change_pin,pin_blocked,1
compromised_card,declined_card_payment,1
compromised_card,lost_or_stolen_card,1
contactless_not_working,card_about_to_expire,1
country_support,card_acceptance,1
country_support,order_physical_card,1
declined_card_payment,card_not_working,1
declined_card_payment,pending_card_payment,1
declined_card_payment,reverted_card_payment?,1
declined_cash_withdrawal,atm_support,1
declined_cash_withdrawal,declined_card_payment,1
declined_cash_withdrawal,transaction_charged_twice,1
declined_transfer,beneficiary_not_allowed,1
declined_transfer,failed_transfer,1
declined_transfer,pending_transfer,1
direct_debit_payment_not_recognised,cancel_transfer,1
direct_debit_payment_not_recognised,extra_charge_on_statement,1
disposable_card_limits,declined_card_payment,1
exchange_via_app,exchange_charge,1
exchange_via_app,verify_source_of_funds,1
extra_charge_on_statement,card_payment_fee_charged,1
extra_charge_on_statement,pending_card_payment,1
extra_charge_on_statement,transaction_charged_twice,1
extra_charge_on_statement,transfer_not_received_by_recipient,1
failed_transfer,reverted_card_payment?,1
failed_transfer,transfer_not_received_by_recipient,1
get_physical_card,card_arrival,1
get_physical_card,pin_blocked,1
getting_spare_card,direct_debit_payment_not_recognised,1
getting_spare_card,lost_or_stolen_card,1
getting_spare_card,order_physical_card,1
lost_or_stolen_card,card_about_to_expire,1
lost_or_stolen_card,card_arrival,1
lost_or_stolen_card,card_delivery_estimate,1
lost_or_stolen_card,cash_withdrawal_not_recognised,1
lost_or_stolen_card,compromised_card,1
order_physical_card,card_arrival,1
order_physical_card,card_delivery_estimate,1
order_physical_card,getting_spare_card,1
order_physical_card,getting_virtual_card,1
pending_card_payment,card_payment_not_recognised,1
pending_card_payment,failed_transfer,1
pending_card_payment,lost_or_stolen_card,1
pending_card_payment,pending_transfer,1
pending_card_payment,reverted_card_payment?,1
pending_cash_withdrawal,card_delivery_estimate,1
pending_cash_withdrawal,extra_charge_on_statement,1
pending_cash_withdrawal,pending_card_payment,1
pending_top_up,balance_not_updated_after_bank_transfer,1
pending_top_up,card_delivery_estimate,1
pending_top_up,card_linking,1
pending_top_up,top_up_failed,1
pending_top_up,top_up_limits,1
pending_top_up,topping_up_by_card,1
pending_top_up,transfer_not_received_by_recipient,1
pending_transfer,balance_not_updated_after_bank_transfer,1
pending_transfer,pending_card_payment,1
pending_transfer,reverted_card_payment?,1
pending_transfer,transfer_timing,1
pin_blocked,card_not_working,1
receiving_money,balance_not_updated_after_cheque_or_cash_deposit,1
receiving_money,exchange_via_app,1
receiving_money,supported_cards_and_currencies,1
receiving_money,transfer_into_account,1
request_refund,Refund_not_showing_up,1
request_refund,cancel_transfer,1
request_refund,terminate_account,1
reverted_card_payment?,card_payment_fee_charged,1
supported_cards_and_currencies,card_acceptance,1
supported_cards_and_currencies,exchange_via_app,1
supported_cards_and_currencies,fiat_currency_support,1
supported_cards_and_currencies,top_up_by_card_charge,1
supported_cards_and_currencies,top_up_by_cash_or_cheque,1
top_up_by_card_charge,card_delivery_estimate,1
top_up_by_card_charge,top_up_limits,1
top_up_by_cash_or_cheque,top_up_failed,1
top_up_failed,declined_card_payment,1
top_up_failed,declined_cash_withdrawal,1
top_up_failed,terminate_account,1
top_up_failed,topping_up_by_card,1
top_up_limits,top_up_by_card_charge,1
top_up_reverted,beneficiary_not_allowed,1
top_up_reverted,supported_cards_and_currencies,1
topping_up_by_card,declined_cash_withdrawal,1
topping_up_by_card,pending_top_up,1
topping_up_by_card,top_up_by_cash_or_cheque,1
transaction_charged_twice,card_payment_fee_charged,1
transaction_charged_twice,compromised_card,1
transaction_charged_twice,declined_card_payment,1
transfer_fee_charged,top_up_by_bank_transfer_charge,1
transfer_into_account,balance_not_updated_after_bank_transfer,1
transfer_into_account,top_up_by_bank_transfer_charge,1
transfer_into_account,transfer_not_received_by_recipient,1
transfer_not_received_by_recipient,balance_not_updated_after_bank_transfer,1
transfer_not_received_by_recipient,beneficiary_not_allowed,1
transfer_not_received_by_recipient,card_delivery_estimate,1
transfer_timing,balance_not_updated_after_bank_transfer,1
transfer_timing,card_delivery_estimate,1
unable_to_verify_identity,why_verify_identity,1
verify_my_identity,terminate_account,1
verify_source_of_funds,order_physical_card,1
verify_top_up,top_up_limits,1
virtual_card_not_working,disposable_card_limits,1
visa_or_mastercard,beneficiary_not_allowed,1
visa_or_mastercard,exchange_charge,1
wrong_exchange_rate_for_cash_withdrawal,declined_cash_withdrawal,1
wrong_exchange_rate_for_cash_withdrawal,exchange_rate,1
