category,precision,recall,f1,support
lost_or_stolen_card,0.6470588235294118,0.6875,0.6666666666666666,16
top_up_failed,0.8260869565217391,0.6551724137931034,0.7307692307692307,29
supported_cards_and_currencies,0.7,0.8076923076923077,0.75,26
declined_cash_withdrawal,0.717948717948718,0.8,0.7567567567567568,35
card_delivery_estimate,0.6785714285714286,0.8636363636363636,0.76,22
pending_cash_withdrawal,0.9047619047619048,0.6551724137931034,0.76,29
pending_transfer,0.7666666666666667,0.7666666666666667,0.7666666666666667,30
declined_card_payment,0.7222222222222222,0.8387096774193549,0.7761194029850746,31
transfer_not_received_by_recipient,0.7714285714285715,0.7941176470588235,0.782608695652174,34
card_not_working,0.8095238095238095,0.7727272727272727,0.7906976744186046,22
pending_top_up,0.8214285714285714,0.7666666666666667,0.7931034482758621,30
order_physical_card,0.7692307692307693,0.8333333333333334,0.8,24
balance_not_updated_after_bank_transfer,0.8181818181818182,0.7941176470588235,0.8059701492537313,34
why_verify_identity,0.9444444444444444,0.7083333333333334,0.8095238095238095,24
card_acceptance,0.7333333333333333,0.9166666666666666,0.8148148148148148,12
top_up_by_bank_transfer_charge,0.8181818181818182,0.8181818181818182,0.8181818181818182,22
pending_card_payment,0.8620689655172413,0.78125,0.819672131147541,32
topping_up_by_card,0.8888888888888888,0.7619047619047619,0.8205128205128205,21
top_up_by_card_charge,0.75,0.9130434782608695,0.8235294117647058,23
declined_transfer,0.8461538461538461,0.8148148148148148,0.8301886792452831,27
direct_debit_payment_not_recognised,0.9642857142857143,0.7297297297297297,0.8307692307692308,37
compromised_card,0.7894736842105263,0.8823529411764706,0.8333333333333334,17
card_payment_fee_charged,0.7777777777777778,0.9210526315789473,0.8433734939759037,38
card_arrival,0.8181818181818182,0.8709677419354839,0.84375,31
extra_charge_on_statement,0.8709677419354839,0.8181818181818182,0.84375,33
top_up_reverted,0.8333333333333334,0.8620689655172413,0.847457627118644,29
cash_withdrawal_not_recognised,0.8235294117647058,0.875,0.8484848484848485,32
card_swallowed,1.0,0.75,0.8571428571428571,12
disposable_card_limits,0.84,0.875,0.8571428571428571,24
card_payment_not_recognised,0.8157894736842105,0.9117647058823529,0.8611111111111112,34
get_disposable_virtual_card,0.8888888888888888,0.8421052631578947,0.8648648648648649,19
exchange_via_app,0.9090909090909091,0.8333333333333334,0.8695652173913043,24
transfer_into_account,0.8695652173913043,0.8695652173913043,0.8695652173913043,23
beneficiary_not_allowed,0.8709677419354839,0.8709677419354839,0.8709677419354839,31
transfer_timing,0.8275862068965517,0.9230769230769231,0.8727272727272727,26
failed_transfer,0.8333333333333334,0.9259259259259259,0.8771929824561403,27
top_up_limits,0.8181818181818182,0.9473684210526315,0.8780487804878049,19
balance_not_updated_after_cheque_or_cash_deposit,0.8461538461538461,0.9166666666666666,0.88,36
receiving_money,1.0,0.7894736842105263,0.8823529411764706,19
unable_to_verify_identity,0.8260869565217391,0.95,0.8837209302325582,20
verify_source_of_funds,0.9090909090909091,0.8695652173913043,0.8888888888888888,23
transfer_fee_charged,0.9354838709677419,0.8529411764705882,0.8923076923076924,34
wrong_exchange_rate_for_cash_withdrawal,0.90625,0.8787878787878788,0.8923076923076924,33
cash_withdrawal_charge,0.9375,0.8571428571428571,0.8955223880597015,35
fiat_currency_support,0.8846153846153846,0.92,0.9019607843137255,25
getting_spare_card,0.92,0.8846153846153846,0.9019607843137255,26
card_payment_wrong_exchange_rate,0.9354838709677419,0.8787878787878788,0.90625,33
verify_my_identity,0.8695652173913043,0.9523809523809523,0.9090909090909091,21
reverted_card_payment?,0.8611111111111112,0.96875,0.9117647058823529,32
automatic_top_up,1.0,0.84,0.9130434782608695,25
atm_support,0.8888888888888888,0.9411764705882353,0.9142857142857143,17
country_support,1.0,0.8461538461538461,0.9166666666666666,26
contactless_not_working,1.0,0.8571428571428571,0.9230769230769231,7
exchange_charge,0.8571428571428571,1.0,0.9230769230769231,24
request_refund,0.9393939393939394,0.9117647058823529,0.9253731343283582,34
get_physical_card,0.95,0.9047619047619048,0.926829268292683,21
transaction_charged_twice,0.9411764705882353,0.9142857142857143,0.927536231884058,35
exchange_rate,0.9523809523809523,0.9090909090909091,0.9302325581395349,22
change_pin,1.0,0.875,0.9333333333333333,24
virtual_card_not_working,1.0,0.875,0.9333333333333333,8
activate_my_card,0.9666666666666667,0.90625,0.9354838709677419,32
cancel_transfer,0.9354838709677419,0.9354838709677419,0.9354838709677419,31
pin_blocked,0.9166666666666666,0.9565217391304348,0.9361702127659575,23
terminate_account,0.88,1.0,0.9361702127659575,22
top_up_by_cash_or_cheque,0.9166666666666666,0.9565217391304348,0.9361702127659575,23
card_about_to_expire,0.896551724137931,1.0,0.9454545454545454,26
Refund_not_showing_up,0.967741935483871,0.9375,0.9523809523809523,32
lost_or_stolen_phone,1.0,0.9166666666666666,0.9565217391304348,24
wrong_amount_of_cash_received,0.9230769230769231,1.0,0.96,36
visa_or_mastercard,1.0,0.9259259259259259,0.9615384615384616,27
card_linking,0.9642857142857143,0.9642857142857143,0.9642857142857143,28
getting_virtual_card,0.9523809523809523,1.0,0.975609756097561,20
age_limit,1.0,0.9545454545454546,0.9767441860465116,22
apple_pay_or_google_pay,1.0,0.96,0.9795918367346939,25
edit_personal_details,0.96,1.0,0.9795918367346939,24
verify_top_up,1.0,0.96,0.9795918367346939,25
passcode_forgotten,1.0,1.0,1.0,21
